bit,diffusion
0,47.9453125
1,44.9428125
2,44.823125000000005
3,44.4075
4,46.253125
5,44.4740625
6,41.6978125
7,40.8965625
8,39.4615625
9,36.3271875
10,36.1559375
11,35.915
12,35.176249999999996
13,34.075
14,31.48375
15,30.2246875
16,27.787499999999998
17,26.497187500000003
18,23.6196875
19,23.029374999999998
20,21.70875
21,19.189999999999998
22,18.035
23,15.77125
24,13.90875
25,11.2346875
26,10.4671875
27,8.7790625
28,5.8325000000000005
29,5.4740625000000005
30,4.681875
31,3.125
